true_class,predicted_class,confidence,direct_description,image_idx
annual crop land,annual crop land,100.0,"The model likely predicted ""annual crop land"" due to the presence of regular, rectangular patterns visible in the image. These shapes suggest a man-made layout typical of agricultural fields, where annual crops are planted in well-defined plots. The varied colors and textures in each rectangular section may indicate different growth stages or types of crops, which aligns with how annual crops are typically organized. The overall patchwork layout is characteristic of cultivated agricultural areas.",0
annual crop land,annual crop land,100.0,"The model likely predicted ""annual crop land"" based on the presence of distinct rectangular, grid-like patterns typical of agricultural fields. These sections are uniform and consistent, suggesting man-made boundaries for farming. The texture within these areas is relatively homogeneous, which is characteristic of large-scale cultivation or planting. The clear demarcations and regular shapes are strong indicators of agricultural activity.",1
annual crop land,annual crop land,100.0,"The image shows a pattern of uniform, rectangular plots, which is characteristic of annual crop land where fields are often organized in regular grids for efficient planting and harvesting. The texture appears consistent and uniform, suggesting cultivated soil rather than natural vegetation, which tends to have more variability. Additionally, the colors in the image might indicate different stages of crop growth or recently plowed fields, which are typical of areas used for annual crops.",2
annual crop land,annual crop land,99.5,"The model likely predicted ""annual crop land"" due to the presence of distinct rectangular patterns and organized linear textures indicative of agricultural fields. These features suggest human-made land divisions typical of farming practices. The variations in tone within the plots can indicate different types of crops or growth stages, reinforcing the prediction of crop land activity.",3
annual crop land,annual crop land,99.9,"The model likely predicted ""annual crop land"" due to the rectangular and organized patchwork patterns visible in the image, which are characteristic of agricultural fields. The color variations suggest different stages of crop growth or different crop types, which is typical for areas with active cultivation. The linear boundaries indicate human-made divisions, consistent with agricultural practices.",4
annual crop land,annual crop land,99.9,"The model likely predicted ""annual crop land"" due to the presence of rectangular or geometric patterns, which are indicative of farmland plots. The texture appears consistent with that of cultivated soil, with variations in color or shading suggesting different stages of crop growth or land preparation. The organized appearance and defined boundaries are typical characteristics of agricultural areas managed for annual crops.",5
annual crop land,annual crop land,100.0,"The image shows distinct geometric shapes and patterns typical of agricultural fields, with clear edges and uniform, segmented areas. The varying colors and tones suggest different stages of crop growth or different types of crops being cultivated. The regularity and structured layout are characteristic of land used for annual crop cultivation, where plots are systematically organized for planting and harvesting cycles.",6
annual crop land,annual crop land,98.7,"The model likely identified this area as ""annual crop land"" due to the presence of rectangular patterns, which indicate fields typical of agricultural areas. The uniform, grid-like arrangement suggests organized planting, which is characteristic of annual crops. Additionally, the contrasting colors and textures may signify different stages of growth or types of crops, further supporting the prediction.",7
annual crop land,annual crop land,100.0,"The model likely predicted ""annual crop land"" due to the geometric, rectangular patterns visible in the image, which are characteristic of human-planned agricultural plots. The distinct variations in color suggest different stages of crop growth or different types of crops, a common feature of annual cropping systems. Additionally, the uniform texture seen in the fields implies a level of cultivation and maintenance typical of agricultural lands.",8
annual crop land,annual crop land,99.5,"The model likely predicted ""annual crop land"" due to the presence of distinct rectangular patterns, which are typical of agricultural plots. These shapes are organized in a grid-like layout, indicative of land parcels used for farming. The textures within these rectangles appear uniform and consistent, suggesting cultivated fields rather than natural vegetation. Additionally, the color tones are similar to those seen in agricultural areas, which can vary based on the crop type and season.",9
annual crop land,annual crop land,99.9,"The model likely predicted ""annual crop land"" based on the visible patterns and textures in the image. The area shows a regular, grid-like layout typical of agricultural fields, with distinct rectangular sections that suggest cultivation. The variation in color tones could indicate different stages of crop growth or different crop types. These characteristics are common in areas used for annual crop farming.",10
annual crop land,annual crop land,100.0,"The model likely predicted ""annual crop land"" due to the distinct rectangular and geometric patterns visible in the image, which are characteristic of agricultural fields. The variation in color tones, such as the greens and purples, suggests different crops or stages of growth commonly found in cultivated areas. Additionally, the neat, linear divisions between fields are indicative of human-managed agricultural plots, reinforcing the classification as crop land.",11
annual crop land,annual crop land,100.0,"The model likely predicted ""annual crop land"" due to the presence of distinct rectangular and polygonal patterns, which are typical indicators of cultivated fields. These shapes suggest human-designed plots, characteristic of agricultural areas. The varied green and brown tones indicate different stages of crop growth or different types of crops, common in annual farming practices. The organized, grid-like layout further supports the classification as managed agricultural land.",12
annual crop land,annual crop land,100.0,"The image shows a series of geometric, rectangular patterns typical of agricultural fields, which are indicative of farmland. The distinct blocks of varying colors suggest different crops or growth stages, aligning with characteristics of annual crop rotation. The uniform texture within each block further supports managed agricultural activity. These features likely influenced the model’s prediction of ""annual crop land.""",13
annual crop land,annual crop land,100.0,"The image shows a pattern of rectangular and grid-like shapes, characteristic of fields divided for crop planting, which aligns with the prediction of ""annual crop land."" The variations in color and texture likely indicate different stages of crop growth or types of crops, suggesting active agriculture. The orderly and geometric arrangement is typical of human-managed landscapes, reinforcing the prediction of agricultural use.",14
annual crop land,annual crop land,100.0,"The model likely predicted ""annual crop land"" because of the distinct rectangular and linear patterns in the image, which are common in cultivated fields. These areas show a uniform color and texture, suggesting systematic planting typical in agriculture. The boundaries between fields are clear and well-defined, indicating separate plots often seen in managed crop lands.",15
annual crop land,annual crop land,100.0,"The model likely predicted ""annual crop land"" due to the presence of rectangular patches in the image, which are typical of agricultural fields. These patches exhibit a checkerboard pattern with varying shades of green and beige, suggesting different stages of crop growth or different crops. The clear boundaries and uniform shapes are indicative of human cultivation, distinguishing them from natural landscapes.",16
annual crop land,annual crop land,100.0,"The model likely predicted ""annual crop land"" due to the presence of uniform, repeated patterns and textures typical of cultivated fields. The rectangular shapes and linear arrangements visible in the image are indicative of the organized planting style used in agriculture. Additionally, variations in color and texture might suggest different stages of crop growth or different crop types, which are consistent with agricultural land use.",17
annual crop land,annual crop land,100.0,"The image shows a pattern of rectangular shapes and linear boundaries typically associated with agricultural fields. The regular geometry suggests human cultivation, and the uniformity in texture and color might indicate a single crop type. The presence of straight, clear lines likely represents roads or irrigation channels, common features in annual crop lands. These elements suggest organized agricultural activity, aligning with the model's prediction.",18
annual crop land,annual crop land,100.0,"The model likely predicted ""annual crop land"" due to the presence of distinctive rectangular and geometric shapes in the image, which are characteristic of agricultural fields. These shapes often indicate organized farming practices with defined boundaries. Additionally, the variation in color tones suggests different stages of crop growth or different crop types, which is typical of areas used for cultivating annual crops. The layout's uniformity and the pattern of repeating units further support the classification.",19
forest,forest,100.0,"The image primarily shows a textured surface with varying shades of blue, which might be interpreted by the model as representing dense forest cover due to the lack of distinct patterns typically associated with urban or agricultural areas. The uniform coloration could be mistakenly aligned with how some satellite imagery represents forested areas when visually processed. Additionally, the slight variations in texture might resemble tree canopies viewed from above. However, the model's prediction seems off, as these features are more reminiscent of water or a non-forested area.",0
forest,forest,100.0,"The model likely predicted ""forest"" due to the visible dark green and blue-green textures in the image that suggest dense vegetation. These colors are consistent with the canopy cover typically seen in forested areas. The irregular, overlapping patterns also mimic the varied and interspersed structure of tree foliage. Such features collectively align with common visual characteristics of forests.",1
forest,forest,100.0,"The model likely predicted ""forest"" due to the texture and color patterns visible in the image. The dense, irregular pattern with variations in the blue-green color spectrum may resemble the overhead view of dense treetops as seen in typical forest satellite imagery. This texture lacks large discernible structures or uniformity found in urban or open areas, aligning more with a natural, densely vegetated landscape.",2
forest,forest,100.0,"The model likely predicted ""forest"" due to the visible patterns and textures in the image. The varying shades of green, along with a dense, irregular texture, suggest tree coverage that is typical of forested areas. The overlapping and clustered patterns may also indicate tree canopies. These features are commonly associated with a forest landscape in satellite imagery.",3
forest,forest,99.9,"The image shows a uniform blue color with subtle texture variations. This could resemble how dense forest canopies might appear from above, where taller trees create a relatively consistent texture. The varying shades and faint lines might mimic the natural patterns of tree shadows and different types of foliage interspersed across the canopy. These visual cues could lead the model to associate the features with those typically seen in satellite images of forests.",4
forest,forest,99.4,"The model likely predicted the class ""forest"" based on the visible texture and color patterns. The image shows a continuous expanse of dense, irregularly shaped areas that are characteristic of tree canopies. The shades of green and blue-green indicate vegetation, and the mottled texture suggests a natural, uneven distribution typical of forested areas. These features align with the visual patterns that the model has learned to associate with forests.",5
forest,forest,99.9,"The model likely predicted the class ""forest"" due to the predominance of dense, irregular patterns and textures typical of tree canopies. The varying shades of green suggest a mixture of foliage and shadows, characteristic of forested areas. Additionally, the amorphous shapes and lack of geometric structures typically found in urban or agricultural settings support this classification.",6
forest,forest,99.9,"The model likely predicted ""forest"" due to the dense, textured patterns visible in the image, which may resemble the canopy of trees. The uniformity and lack of straight lines suggest natural formations rather than man-made structures. This texture and the randomness in the pattern are characteristic of forested areas, which often have a varied yet continuous appearance from above.",7
forest,forest,100.0,"The model might have predicted ""forest"" due to the dense, textured pattern visible in the image. The uniform, granular texture could represent dense foliage, typical of forested areas. The color, which is a mix of greens and blues, can also indicate the presence of tree canopies when viewed from above. The absence of defined structures or patterns typically associated with urban features supports the model's prediction of a natural environment.",8
forest,forest,99.1,"The model likely predicted ""forest"" due to the dense, textured appearance of the area, which is a common characteristic of tree canopies seen in satellite imagery. The image shows a consistent green coloration with some variation, suggesting a natural, vegetated landscape. The presence of a winding path or road cutting through the image is also typical of forested areas where natural features are predominant. These elements combined suggest a forested environment to the model.",9
forest,forest,100.0,"The CNN model likely predicted ""forest"" due to the visible texture and color pattern in the image. The image shows a consistent, dense pattern typical of tree canopies, with varying shades of blue that could resemble the natural variation in a forested area when viewed in the spectral band that highlights vegetation. Additionally, the clustered and uneven distribution of these textures aligns with how forests typically appear from a satellite perspective.",10
forest,forest,100.0,"Based on the visible features, the image primarily shows a dense, uniform texture typical of tree canopy coverage seen from above, which is often indicative of a forest. The color tone may suggest the presence of greenery, although here it appears as a blue hue due to imaging conditions or processing. There is also a lack of distinct artificial structures or linear formations, which supports the model's prediction of a natural area like a forest. The continuous and unbroken pattern suggests a large expanse typical of forest regions.",11
forest,forest,99.9,"The model likely predicted ""forest"" due to the presence of dense, green areas with a textured appearance consistent with tree canopies. The image shows irregular, clustered patterns typical of foliage, which contrasts with smoother or more uniform surfaces found in urban or water areas. The winding lines suggest pathways or rivers, which are often indicative of natural landscapes such as forests. These features collectively align with characteristics commonly associated with forested regions.",12
forest,forest,100.0,"The model likely predicted ""forest"" because the image displays a texture and color pattern consistent with dense vegetation. The mottled textures and variations in blue shades could suggest the presence of tree canopies viewed from above. This uniform, expansive pattern is characteristic of forested areas in satellite imagery, where tree coverage and density create a distinct visual signature.",13
forest,forest,100.0,"The image predominantly features a solid blue color, which typically is not indicative of a forested area. It lacks the characteristic green textures and patterns often associated with vegetation. Therefore, the model's prediction of ""forest"" might be a misinterpretation, potentially due to similar visual patterns it has encountered in training data leading to confusion. The model may need further training to accurately differentiate between forested areas and other regions with similar color distributions.",14
forest,forest,99.9,"The model likely predicted ""forest"" due to the image's dense texture with a variegated pattern of greens, indicative of tree coverage. The irregular shapes and clustering suggest natural growth rather than human-made structures. Additionally, the subtle variances in shades of green can imply different tree types or densities, a characteristic feature of forested areas.",15
forest,forest,100.0,"The model likely predicted ""forest"" due to the presence of a homogeneous texture and consistent color that might resemble tree canopies when viewed from a satellite perspective. The dense, uniform pattern could mimic the typical density and texture of forested areas seen from above. Additionally, the shade of blue could be an artifact of preprocessing or specific environmental conditions captured by the satellite, not directly related to its actual color.",16
forest,forest,100.0,"The image primarily displays a uniform blue texture, which can be misleading for a forest classification. However, it's possible that the model identified subtle textural variations or patterns resembling dense vegetation. The spread and density of certain features in the image might resemble canopy covers or shadows typical of forested areas. Additionally, any visible gradients or speckling might have suggested vegetative growth to the model.",17
forest,forest,100.0,"The model likely predicted ""forest"" due to the presence of dense, irregular green patterns resembling tree canopies, which are characteristic of forested areas. The image shows a textured surface with varying shades of green, suggesting different types of vegetation. Additionally, there are no prominent features like roads or buildings that would typically indicate a man-made environment, further supporting the forest classification.",18
forest,forest,100.0,"The model likely predicted ""forest"" due to the dense, textured patterns visible in the image, which suggest a collection of tree canopies. The varied shades of blue may represent different elevations or types of vegetation, creating a diverse texture typically seen in forested areas. The overlapping and meandering shapes could indicate tree clusters and natural formations common in forests.",19
highway or road,highway or road,100.0,"The model likely predicted ""highway or road"" due to the presence of a long, straight linear feature running through the image, characteristic of roads. This feature shows a consistent width and a smooth texture, typical of man-made surfaces like asphalt or concrete. Additionally, the feature appears to intersect or run parallel to segmented land areas, suggesting organized planning commonly associated with roads adjacent to agricultural or rural areas.",0
highway or road,highway or road,100.0,"The model likely predicted ""highway or road"" due to the long, narrow, and linear feature running diagonally from one side of the image to the other, indicative of a road. The consistent width and uniform color along this feature suggest pavement. Additionally, the parallel darker lines on either side may represent lanes or road markings. These characteristics collectively align with those typically found in roads or highways.",1
highway or road,highway or road,100.0,"The model likely predicted ""highway or road"" due to the presence of curving and intersecting linear patterns that are characteristic of roads and highways. The image shows distinct parallel lines forming lanes and on-ramps or off-ramps, which are typical features of highway interchanges. The spatial layout also suggests connectivity and flow, common in road networks. These geometric and structural elements can guide a CNN model to recognize the image as a highway or road.",2
highway or road,highway or road,100.0,"The model likely predicted ""highway or road"" due to the presence of distinct linear structures that intersect, forming a grid-like pattern typical of road networks. The curvature and connections resemble on-ramps or interchanges commonly found near highways. Additionally, the uniform width and smooth texture of these lines are characteristic of paved roads. The spatial layout also shows parallel and crossing lines, often indicative of a road network.",3
highway or road,highway or road,100.0,"The model likely predicted ""highway or road"" due to the presence of a long, straight, and narrow feature across the image, which resembles a typical road layout. The feature shows consistent linearity and parallels the shapes commonly associated with roads or highways, standing out from the more irregular surrounding landscape. Additionally, the contrast between the smooth, uniform texture of the road and the varied textures of adjacent areas supports this classification.",4
highway or road,highway or road,100.0,"The model likely predicted ""highway or road"" due to the presence of a long, narrow, and linear feature running diagonally across the image, which is characteristic of roads in satellite images. The consistent width and smooth texture of this feature suggest it is paved. Additionally, the surrounding areas are visually distinct, indicating a separation typical of road boundaries or medians. These features collectively align with the typical structure and appearance of a road or highway.",5
highway or road,highway or road,100.0,"The model likely predicted ""highway or road"" due to the presence of long, linear structures that run parallel to each other, resembling the characteristic layout of roads or highways. The image shows a clear distinction in texture and color between these linear strips and the surrounding areas, which typically indicates paved surfaces. Additionally, the curvature and connections seen suggest intersections or ramps, common features in road networks.",6
highway or road,highway or road,100.0,"The model likely predicted ""highway or road"" due to the presence of distinct linear patterns in the image. These features are characterized by smooth, elongated shapes that stand out against the more irregular and textured surroundings, indicating man-made structures. Additionally, the contiguous and parallel alignment of these lines is a typical characteristic of road networks. The model may have also identified variations in color or shading along these lines, suggesting paved surfaces common to highways or roads.",7
highway or road,highway or road,100.0,"The model likely predicted ""highway or road"" because of the presence of long, linear features with consistent width, indicative of roadways. The two parallel strips running horizontally could resemble lanes or road markings. Additionally, the layout and orientation suggest structured pathways often associated with roads. The surrounding areas have contrasting textures, emphasizing the defined edges typical of road boundaries.",8
highway or road,highway or road,100.0,"The model likely predicted ""highway or road"" due to the presence of a long, linear feature that exhibits a consistent width and a straight trajectory, typical characteristics of roads or highways. This feature is distinct and contrasts with the surrounding areas, which are more irregular and patchy. Additionally, the intersection with another line suggests a typical crossroad or junction pattern, reinforcing the road-like appearance.",9
highway or road,highway or road,100.0,"The model likely predicted ""highway or road"" due to the presence of long, straight lines and parallel edges that suggest roadways. The consistent width and linear arrangement are indicative of a paved surface, typical of highways. Additionally, the intersecting lines may resemble on/off-ramps or intersections. The overall layout suggests a structured infrastructure that conforms to common road systems.",10
highway or road,highway or road,100.0,"The model likely predicted ""highway or road"" due to the presence of linear and elongated shapes running across the image, which are characteristic of roads. The distinct, narrower paths amidst different textures suggest segregation typical of roadways. Additionally, the consistent width and directionality of these features align with common road patterns seen in satellite images.",11
highway or road,highway or road,100.0,"The model likely predicted ""highway or road"" due to the presence of linear, parallel structures that resemble road lanes. The image shows intersecting lines forming what appear to be junctions or interchanges, characteristic of road networks. Additionally, the smooth, continuous surfaces and the overall layout with curves and connections are typical features of highways or roads as seen from above.",12
highway or road,highway or road,100.0,"The model likely predicted ""highway or road"" due to the linear, elongated shape running diagonally across the image, which is characteristic of roads or highways. The structure appears to have parallel borders and a lighter color, suggesting paved surfaces. Additionally, there are branching patterns at certain angles, indicating possible exits or intersections typical of highway interchanges. The surrounding areas have distinct land divisions, reinforcing the concept of structured transportation systems.",13
highway or road,highway or road,100.0,"The model likely predicted ""highway or road"" due to the presence of a linear, elongated structure running diagonally across the image. This feature is consistent with the shape and layout typical of roads or highways, as it appears to be a continuous, narrow, and uniform pathway. Additionally, the distinct color contrast between this structure and the surrounding areas, which are likely fields, further supports its identification as a road. These visual cues align with common patterns associated with roads in satellite imagery.",14
highway or road,highway or road,100.0,"The model likely predicted ""highway or road"" due to the presence of elongated, linear structures crossing the image, which resemble roads. These structures are characterized by their uniform width and smooth, straight or gently curving paths, typical of highways or major roads. Additionally, the lighter color of these features is often indicative of paved surfaces, which contrasts with the surrounding areas. The spatial layout, connecting two distinct sections of the area, further supports the presence of a road network.",15
highway or road,highway or road,100.0,"The model likely predicted ""highway or road"" due to the long, linear gray feature running across the image, which matches the typical appearance of a road. This feature has a consistent width and a smooth texture, distinguishing it from the surrounding irregularly shaped and textured fields. Additionally, this linear shape contrasts with the more organic and varied patterns of the adjacent landscape, reinforcing its identification as a man-made structure like a road or highway.",16
highway or road,highway or road,89.7,"The model likely predicted ""highway or road"" due to the visible elongated, linear structure that curves across the image, resembling a road or highway. The surface appears smooth and darker compared to the surrounding areas, which is typical of paved roads. Additionally, the linear feature is uninterrupted and distinct, which is characteristic of man-made pathways. These patterns and textures align with common features of roads in satellite imagery.",17
highway or road,highway or road,98.0,"The image shows a long, linear structure with a consistent width and clear straight edges, which are characteristic features of roads or highways as seen from a satellite perspective. The texture appears smooth and uniform, typical of paved surfaces. The structure is set against a contrasting background, likely indicating it is elevated above or distinct from its surroundings. These visual cues combined lead the model to identify it as a highway or road.",18
highway or road,highway or road,100.0,"The model likely predicted ""highway or road"" due to the presence of a long, straight, dark linear feature that runs through the image. This feature shows a consistent width and smooth texture, typical of paved roads. Additionally, the distinct separation and parallel alignment to surrounding land plots suggest a man-made structure, which is characteristic of highways or roads.",19
industrial buildings or commercial buildings,industrial buildings or commercial buildings,100.0,"The model likely predicted ""industrial buildings or commercial buildings"" based on the presence of large, rectangular structures with uniform shapes and flat roofs, which are typical of industrial and commercial architecture. The spatial arrangement shows a grid-like pattern, indicating organized planning common in industrial areas. The texture appears consistent across the structures, suggesting similar material usage, which is typical in commercial or industrial zones.",0
industrial buildings or commercial buildings,industrial buildings or commercial buildings,99.9,"The model likely predicted ""industrial buildings or commercial buildings"" due to the presence of large, circular structures resembling storage tanks, commonly found in industrial sites. The organized grid layout and distinct rectangular buildings suggest a functional, industrial setting rather than a residential area. Additionally, the image shows clear boundaries and pathways characteristic of industrial complexes.",1
industrial buildings or commercial buildings,industrial buildings or commercial buildings,100.0,"The model likely predicted ""industrial buildings or commercial buildings"" due to the presence of large, rectangular shapes, which are typical of building rooftops. These structures appear to be uniform and arranged in a grid-like pattern, characteristic of organized industrial or commercial zones. The bright, reflective surfaces suggest the use of materials like metal or white roofing commonly found on large commercial buildings. The overall spatial layout is indicative of a planned development, which is typical for such facilities.",2
industrial buildings or commercial buildings,industrial buildings or commercial buildings,100.0,"The model likely predicted ""industrial or commercial buildings"" due to the presence of rectangular structures with uniform shapes and geometric patterns commonly associated with such facilities. The arrangement of these buildings in a grid-like layout is typical of industrial zones. Additionally, the presence of large, flat roofs and the noticeable separation between structures suggest spaces for loading areas or parking, characteristic of commercial or industrial complexes.",3
industrial buildings or commercial buildings,industrial buildings or commercial buildings,100.0,"The model likely predicted ""industrial buildings or commercial buildings"" due to the presence of large, rectangular structures with flat rooftops, which are common in industrial or commercial zones. The layout suggests organized patterns and spacing typical of such facilities, indicating structured development. Additionally, the presence of distinct roofing materials in varying colors can point to different types of functional spaces often seen in industrial and commercial settings.",4
industrial buildings or commercial buildings,industrial buildings or commercial buildings,100.0,"The model likely predicted ""industrial buildings or commercial buildings"" due to the presence of rectangular and grid-like structures typical of such complexes. The image shows large, flat rooftops, which are characteristic of warehouses and commercial facilities. Additionally, the dense arrangement of these structures and the presence of multiple adjoining buildings suggest a layout consistent with industrial zones.",5
industrial buildings or commercial buildings,industrial buildings or commercial buildings,100.0,"The model likely predicted ""industrial buildings or commercial buildings"" due to the presence of rectangular, uniform structures with flat roofs, which are common in industrial or commercial areas. The spatial layout shows organized rows or clusters, typical of these types of complexes. Additionally, the image exhibits distinct edges and larger uninterrupted surfaces, often associated with larger building footprints seen in industrial settings.",6
industrial buildings or commercial buildings,industrial buildings or commercial buildings,99.9,"The model likely predicted ""industrial buildings or commercial buildings"" due to the presence of large rectangular structures, which are common in such areas for accommodating machinery or goods. The rooftops appear to have a uniform and solid texture, typical of warehouses or factories. Additionally, the spatial layout shows these buildings are arranged in a dense, organized pattern characteristic of industrial or commercial zones.",7
industrial buildings or commercial buildings,industrial buildings or commercial buildings,100.0,"The model likely predicted ""industrial buildings or commercial buildings"" due to the presence of large, rectangular rooftops and geometric layouts typical of such structures. The uniformity and dense arrangement suggest a non-residential area, common in industrial complexes. Additionally, the visible straight roads and angular patterns are characteristic of urban planning seen in commercial or industrial zones.",8
industrial buildings or commercial buildings,industrial buildings or commercial buildings,98.4,"The model likely predicted ""industrial buildings or commercial buildings"" due to the presence of large, rectangular structures with uniform, grid-like patterns typical of industrial rooftops. The spatial layout, with several adjacent, similarly shaped units, is indicative of factories or warehouses. Additionally, the presence of clear, geometric lines and the relative absence of green spaces supports this prediction, as these features are common in commercial or industrial zones.",9
industrial buildings or commercial buildings,industrial buildings or commercial buildings,80.1,"The model likely predicted ""industrial buildings or commercial buildings"" due to the presence of large, block-like structures and geometric patterns characteristic of such areas. These structures often have a regular, grid-like pattern and appear interconnected, suggesting organized development typical of industrial complexes. Additionally, the presence of varied rooftops and possible machinery or storage units further supports this classification. The spatial layout, with large, distinct sections, is also common in commercial or industrial zones.",10
industrial buildings or commercial buildings,industrial buildings or commercial buildings,100.0,"The model likely predicted ""industrial buildings or commercial buildings"" due to several key visual features. The large, rectangular structures with flat roofs suggest warehouses or factories, which are typical of industrial areas. The presence of extensive paved areas, possibly parking lots or loading zones, also aligns with commercial or industrial facilities. Additionally, the organized layout and grid-like arrangement of buildings are characteristic of industrial zones.",11
industrial buildings or commercial buildings,industrial buildings or commercial buildings,100.0,"The model likely predicted ""industrial buildings or commercial buildings"" due to the presence of large, rectangular rooftops that are typically associated with such structures. The image shows a dense cluster of buildings with uniform shapes and sizes, suggesting a structured layout common in industrial or commercial areas. Additionally, the presence of distinct pathways or roads connecting the different buildings supports the classification, as these are common in organized industrial spaces.",12
industrial buildings or commercial buildings,industrial buildings or commercial buildings,100.0,"The model likely predicted ""industrial or commercial buildings"" due to the presence of large, rectangular structures typical of warehouses or factories. These buildings have uniform grid-like patterns and flat rooftops, which are common in industrial zones. The spatial layout shows a dense arrangement of these structures with clear separations, and the presence of expansive, paved areas suggests loading zones or parking, reinforcing a commercial or industrial purpose.",13
industrial buildings or commercial buildings,industrial buildings or commercial buildings,99.7,"The model likely predicted ""industrial buildings or commercial buildings"" based on distinct features visible in the image. The presence of large rectangular and square structures with flat roofs suggests warehouse or factory-like buildings typical in industrial zones. The arranged layout with clear boundaries and possibly parking areas indicates organized commercial use. Additionally, the size and shape of the structures, along with signs of infrastructure like roads or loading areas, support this classification.",14
industrial buildings or commercial buildings,industrial buildings or commercial buildings,100.0,"The model likely predicted ""industrial buildings or commercial buildings"" due to distinct features visible in the image. The large, rectangular shapes are indicative of warehouses or factories, commonly found in industrial areas. Additionally, the dense arrangement and uniformity of the structures suggest commercial complexes, often characterized by closely packed buildings. The presence of large, dark-colored roofs and regular, grid-like patterns further supports the classification of these as industrial or commercial properties.",15
industrial buildings or commercial buildings,industrial buildings or commercial buildings,99.6,"The model likely predicted ""industrial buildings or commercial buildings"" based on the dense arrangement and geometric shapes of the structures in the image. These buildings often have large, rectangular rooftops that are visible here, which are typical of warehouses or commercial complexes. The uniformity and alignment of the buildings, along with visible road networks, suggest organized zoning consistent with industrial or commercial areas. The intricate layout of streets and parking spaces may also contribute to this classification.",16
industrial buildings or commercial buildings,industrial buildings or commercial buildings,100.0,"The model likely predicted ""industrial buildings or commercial buildings"" due to the presence of large, rectangular structures with uniform patterns, which are common in industrial or commercial complexes. The tightly packed arrangement and the presence of what appear to be parking areas or loading docks are typical features of such buildings. Additionally, the rooftops have a flat, expansive look, which is characteristic of industrial or commercial architecture.",17
industrial buildings or commercial buildings,industrial buildings or commercial buildings,100.0,"The model likely predicted ""industrial buildings or commercial buildings"" due to several visible features. The image shows large, rectangular structures typical of warehouses or commercial spaces, which often have flat roofs and expansive layouts. There are also straight, grid-like roads or pathways surrounding the structures, common in industrial areas to facilitate transportation and logistics. Additionally, the presence of open spaces or parking areas is indicative of commercial or industrial zones.",18
industrial buildings or commercial buildings,industrial buildings or commercial buildings,100.0,"The model likely predicted ""industrial buildings or commercial buildings"" due to several key features in the image. The structures have a large, rectangular shape and flat rooftops, typical of warehouses or factory settings. There are also organized rows and grid-like patterns, indicating planned infrastructure. Additionally, the presence of larger, isolated buildings with possible parking areas or loading docks suggests commercial or industrial use.",19
residential buildings or homes or apartments,residential buildings or homes or apartments,100.0,"The model likely predicted ""residential buildings or homes or apartments"" based on several visible features. The image shows a dense layout with numerous small, uniform rectangular structures, indicative of individual buildings closely packed together. The presence of grid-like patterns suggests organized streets or pathways typical in residential areas. Additionally, the coloration and texture differences between the structures and the surrounding environment may suggest roofing materials common in residential architecture.",0
residential buildings or homes or apartments,residential buildings or homes or apartments,100.0,"The model likely predicted ""residential buildings or homes or apartments"" due to the dense clustering of rectangular shapes that suggest building rooftops. The uniformity and grid-like arrangement of these shapes are characteristic of housing developments. Additionally, visible street patterns and intersections in the image enhance the residential layout, reinforcing the prediction.",1
residential buildings or homes or apartments,residential buildings or homes or apartments,100.0,"The model likely predicted ""residential buildings or homes or apartments"" due to the dense and organized pattern of small, rectangular shapes seen in the image, which are characteristic of residential areas. These shapes are evenly distributed and aligned, suggesting a structured grid typical of housing layouts. Additionally, the presence of linear divisions, possibly representing roads or pathways, further indicates a planned residential development. The texture and color uniformity across the shapes could resemble rooftops commonly found in such environments.",2
residential buildings or homes or apartments,residential buildings or homes or apartments,100.0,"The model likely made the prediction based on the organized grid-like patterns and distinct road network visible in the image, which are characteristic of residential areas. The presence of uniformly sized and spaced rectangular shapes suggests individual buildings or housing units. Additionally, the overall texture and layout, with separated plots, typically indicate residential zoning. These features align with common characteristics of neighborhoods or apartment complexes.",3
residential buildings or homes or apartments,residential buildings or homes or apartments,100.0,"The model likely made this prediction based on several key visual features. The image shows a dense cluster of small, rectangular shapes typical of building rooftops, which are a common characteristic of residential areas. The uniformity and grid-like layout suggest an organized urban development, often associated with housing. Additionally, variations in texture might indicate different roofing materials, further supporting the residential classification.",4
residential buildings or homes or apartments,residential buildings or homes or apartments,100.0,"The model likely predicted ""residential buildings or homes or apartments"" due to the dense clustering of rectangular structures, which commonly indicate individual buildings or housing units. The uniformity in size and repetitive layout pattern is typical of residential areas. Additionally, the visible grid-like street patterns surrounding the structures support the presence of organized urban planning, often found in residential zones.",5
residential buildings or homes or apartments,residential buildings or homes or apartments,100.0,"The image shows a layout characteristic of residential areas, with a dense collection of rectangular and L-shaped structures arranged in a grid-like pattern. These shapes likely represent rooftops of homes or apartment buildings. The roads or paths connecting these structures form a network typical of residential neighborhoods. This spatial organization, combined with the lack of large, open areas, suggests a collection of individual residential units.",6
residential buildings or homes or apartments,residential buildings or homes or apartments,100.0,"The model likely predicted ""residential buildings or homes or apartments"" due to the dense, grid-like arrangement of small, rectilinear shapes, which are indicative of typical residential structures. The uniformity and repetition of these shapes suggest the structured layout common in residential areas. Additionally, the variation in color and texture might represent different roofs and materials, further supporting the identification of a residential zone.",7
residential buildings or homes or apartments,residential buildings or homes or apartments,100.0,"The model likely predicted ""residential buildings or homes or apartments"" due to the repetitive and organized grid-like pattern visible in the image, characteristic of residential areas. The texture appears tightly packed with small, rectangular shapes consistent with rooftops. The arrangement shows clear linear pathways, resembling streets, which further supports the presence of a residential layout.",8
residential buildings or homes or apartments,residential buildings or homes or apartments,99.7,"The CNN model likely predicted ""residential buildings or homes or apartments"" due to the presence of grid-like patterns formed by linear structures, which resemble roads and block layouts typical of residential areas. The small, rectangular shapes with uniform spacing suggest individual buildings or housing units. Additionally, the density and arrangement of these shapes are consistent with urban or suburban residential developments.",9
residential buildings or homes or apartments,residential buildings or homes or apartments,100.0,"The model likely predicted ""residential buildings or homes or apartments"" due to the dense arrangement of rectangular and geometric shapes, which resemble the layout of buildings. The repetitive pattern of these shapes suggests a grid-like arrangement typical of residential areas. Additionally, the varying shades within the rectangles might indicate different roofs or building materials, further supporting the presence of individual housing units.",10
residential buildings or homes or apartments,residential buildings or homes or apartments,100.0,"The model likely predicted ""residential buildings or homes or apartments"" due to the visible grid-like structure and layout of the area. The image shows a pattern of rectangular shapes arranged in an orderly fashion, indicative of streets and blocks common in residential areas. The consistent repetition of similar-sized structures suggests a dense grouping typically found in housing developments. Additionally, any presence of small green patches could indicate gardens or yards, supporting the residential classification.",11
residential buildings or homes or apartments,residential buildings or homes or apartments,100.0,"The model likely predicted ""residential buildings or homes or apartments"" due to the presence of rectangular shapes arranged in an organized grid pattern, which is typical for residential layouts. The image shows distinct sections separated by straight lines, resembling roads or boundaries between properties. Additionally, the rooftops exhibit uniform textures and colors, which are characteristic of housing materials. The density and distribution of these features support the typical structure of residential areas.",12
residential buildings or homes or apartments,residential buildings or homes or apartments,100.0,"The model likely made the prediction based on the regular grid-like pattern and organization typical of residential areas. The image shows a dense cluster of uniformly sized rectangular shapes, which are consistent with rooftops or building layouts. Additionally, the clear separation by linear paths likely corresponds to roads or streets, a common feature in residential neighborhoods.",13
residential buildings or homes or apartments,residential buildings or homes or apartments,100.0,"The image shows a dense arrangement of rectangular shapes consistent with rooftops, which commonly characterizes residential areas. The linear grid pattern of roads weaving between these shapes suggests an organized urban layout typical of homes or apartments. The presence of uniform, small plot sizes further reinforces the likelihood that these are individual residential units. The overall spatial layout and structure align with typical residential zones.",14
residential buildings or homes or apartments,residential buildings or homes or apartments,100.0,"The model likely identified features consistent with residential areas, such as the dense, grid-like arrangement of structures typical of homes or apartments. The image shows numerous small, rectangular shapes arranged closely together, suggesting individual buildings or units. Additionally, there may be visible roads or paths indicating organized infrastructure. These spatial patterns and shapes align with typical residential designs seen in many urban areas.",15
residential buildings or homes or apartments,residential buildings or homes or apartments,100.0,"The model likely predicted ""residential buildings or homes or apartments"" due to the grid-like pattern of rectangular shapes that resemble organized urban planning. These shapes are typical of residential layouts, where individual units or buildings are aligned in rows separated by straight lines indicating roads or pathways. Additionally, the uniformity and repetition of these structures can suggest apartment complexes or housing developments. The compact arrangement further implies a residential area rather than industrial or commercial zones.",16
residential buildings or homes or apartments,residential buildings or homes or apartments,100.0,"The model likely predicted ""residential buildings or homes or apartments"" due to the visible grid-like pattern typical of residential planning, with intersecting streets and blocks. The dense clustering of rectangular shapes suggests individual buildings closely packed together. Additionally, the uniformity in size and spacing among these shapes is characteristic of residential areas, as opposed to irregular spacing found in industrial or commercial zones.",17
residential buildings or homes or apartments,residential buildings or homes or apartments,100.0,"The model likely predicted ""residential buildings or homes or apartments"" due to the presence of a grid-like pattern, which is common in residential areas. The image may show rectangular or box-like structures that are closely packed, resembling the typical outlines of houses or apartment complexes. Additionally, there might be visible road networks that form a structured arrangement around these buildings, which is characteristic of residential planning. The presence of distinct rooftops and shadows can also indicate the density and arrangement typical of residential areas.",18
residential buildings or homes or apartments,residential buildings or homes or apartments,100.0,"The model likely predicted ""residential buildings or homes or apartments"" based on the regular grid-like layout of the structures, which is typical of residential areas. The image shows clusters of rectangular shapes that resemble rooftops, arranged in close proximity with consistent spacing, indicative of organized housing. Additionally, the presence of green patches and roads further supports this prediction, as they are common in areas designed for living spaces.",19
river,river,97.4,"The model likely predicted the class ""river"" due to the elongated, winding shape visible in the image, typical of river formations. The smooth, continuous texture and the dark color of this feature contrast with the surrounding areas, which aligns with how water bodies often appear in satellite images. Additionally, the linear pattern running parallel to this feature may resemble banks or shorelines, reinforcing the identification of a river.",0
river,river,98.9,"The model likely predicted ""river"" due to the elongated, meandering shape visible in the image, which is characteristic of river systems. The contrasting colors, with a central dark blue band flanked by lighter terrestrial shades, suggest the presence of water adjacent to land. Additionally, the linear texture and continuous flow-like pattern further reinforce the identification of a river.",1
river,river,100.0,"The model likely predicted ""river"" because the image features a long, narrow, and winding area with a distinct dark blue hue typical of water bodies. This area contrasts with the adjacent land, which has varying textures and colors that suggest vegetation or developed land. The river-like shape flows smoothly through the image, providing a recognizable spatial layout that models are trained to identify as a river formation. The surrounding land patterns are consistent with typical riverbanks, reinforcing the prediction.",2
river,river,93.8,"The model likely predicted ""river"" due to the long, narrow blue shape running through the center of the image, which resembles a waterway. The smooth texture and continuous flow of this area are typical features associated with rivers. Additionally, the image shows a clear boundary between the blue area and the surrounding land, reinforcing the perception of a natural water channel. This spatial layout is consistent with common river patterns in satellite imagery.",3
river,river,100.0,"The model likely predicted ""river"" due to the elongated, dark area in the image, which suggests the presence of water. This feature runs parallel to distinct land boundaries on either side, typical of a river's flow through a landscape. Additionally, the smooth texture and consistent width along the dark area are characteristic of a river compared to other water bodies. The surrounding landscape's layout also supports this interpretation, with fields and urban structures often adjacent to rivers.",4
river,river,99.9,"The model likely predicted the class ""river"" due to the presence of a curving, elongated feature that contrasts with the surrounding areas. This feature has a consistent, smooth texture and width, typical of water bodies observed from above. The linear nature and the way it bisects parts of the land in the image resemble the common spatial layout of rivers in satellite imagery. These characteristics collectively align with typical visual patterns associated with rivers.",5
river,river,100.0,"The model likely predicted ""river"" due to the elongated, winding dark shape that contrasts with the surrounding landscape, resembling a typical river course. This feature has smooth, consistent edges and appears to cut through the terrain, matching common river characteristics. The presence of this distinct shape and the way it meanders across the image likely influenced the model's decision.",6
river,river,100.0,"The model likely predicted the class ""river"" due to the elongated blue shape in the image, which resembles the typical appearance of a river. The consistent linearity and separation from the surrounding landscape suggest flowing water. Additionally, the distinct contrast between the blue area and the adjacent green, possibly forested area, enhances the identification of a waterway. These features combined create a spatial pattern commonly associated with rivers in satellite imagery.",7
river,river,100.0,"The model likely predicted ""river"" due to the visible narrow, elongated shape and the smooth, flowing texture in the image. The lighter colored strip contrasts with the darker surroundings, resembling water running through terrain. The pattern and curvature suggest a natural waterway, consistent with the appearance of a river from a satellite view.",8
river,river,100.0,"The model likely predicted ""river"" because of the long, curving shape resembling a waterway that contrasts with the surrounding land. The light blue color is typical of water bodies in satellite images. Additionally, the smooth texture and continuous flow-like pattern support the identification of a river running through the landscape. The spatial layout, with the river cutting through distinct patches of land, further reinforces this prediction.",9
river,river,99.9,"The model likely predicted ""river"" due to the elongated, winding shape of the blue area, resembling a typical river course. The color and texture are consistent with water bodies, displaying a uniform hue and smooth surface that suggests flowing water. Additionally, the separation between the blue area and surrounding features indicates the presence of distinct banks or edges, characteristic of a river. These spatial and visual cues align with typical river features in satellite imagery.",10
river,river,95.2,"The model likely predicted ""river"" due to the presence of a long, winding, and narrow blue feature that contrasts with the surrounding green and urban areas. This feature follows a curved path, typical of a river’s meandering flow. The consistent width and color along its length distinguish it as a continuous body of water, reinforcing the prediction of a river.",11
river,river,100.0,"The model likely identified the area as a ""river"" due to the elongated, curving shape of the water feature prominently passing through the center of the image. The smooth texture and consistent color of this feature contrast with the surrounding, more varied textures and colors of land. Additionally, the spatial layout, with the river bordered by clear boundaries on either side, enhances the distinction between water and land, reinforcing the prediction.",12
river,river,100.0,"The model likely predicted ""river"" due to the linear, elongated shape of the dark area running through the center of the image, suggesting flowing water. The consistent dark color and smooth texture differentiate it from the adjacent, irregularly patterned land areas, which have varied textures indicative of fields or vegetation. The river's consistent width and direction further support the model identifying it as a flowing water body.",13
river,river,100.0,"The model likely predicted the class ""river"" due to the elongated, winding shape seen in the image, which is characteristic of a river. The texture appears smooth and consistent, suggesting water flow, and the dark blue color further supports the presence of water. Additionally, the surrounding areas have contrasting textures and colors typical of land, which typically borders a river. The spatial layout, with the central linear feature dividing two different terrains, reinforces the prediction of a river.",14
river,river,91.9,"The model likely predicted ""river"" due to the elongated, winding shape and the distinct contrast between the area and its surroundings, which is typically indicative of a watercourse. The texture in this region appears smoother and more reflective than the surrounding land, suggesting the presence of water. Additionally, the river-like feature seems to be accompanied by vegetative patterns along its edges, a common occurrence near rivers. These visual cues align with characteristics often associated with rivers in satellite imagery.",15
river,river,100.0,"The model likely predicted this image as a ""river"" due to the elongated, winding shape that resembles a natural watercourse. The dark, continuous band contrasts with the surrounding lighter areas, indicating the presence of water. Additionally, the sinuous pattern and smooth texture are consistent with the flowing characteristic of rivers. The spatial layout, cutting through the landscape, further supports this classification.",16
river,river,100.0,"The model likely predicted ""river"" due to the elongated, curvilinear shape that resembles a water body typical of rivers. The blue coloration suggests water, which is common for bodies such as rivers in satellite imagery. Additionally, the image shows winding patterns that are characteristic of river paths, often depicted in satellite photos where they contrast with surrounding green land. The narrow, continuous flow aligns with typical river formations.",17
river,river,100.0,"The model likely predicted ""river"" due to the elongated, winding shape of the dark blue area, which is characteristic of river paths. The sharp contrast between the blue water and the surrounding land helps distinguish the waterway. Additionally, the texture and consistent width of the water feature further support it being a river rather than a lake or sea. The alignment with surrounding features, like roads or bridges, may also suggest its role as a river in the landscape.",18
river,river,94.9,"The model likely predicted ""river"" due to the elongated, winding dark area in the image, which resembles a waterway. This feature contrasts with the lighter surrounding patches, suggesting a water body amid land. Additionally, the linear, narrow shape and the smooth texture are typical characteristics of rivers seen from a satellite perspective. The spatial layout, with the dark shape cutting through the image, supports the classification of a river.",19
