index,true_class,predicted_class,score_base,score_combined,specificity_base,specificity_combined,usefulness_base,usefulness_combined,winner,reason
0,annual crop land,annual crop land,9,9,5,5,4,4,Tie,"Both explanations provide multiple specific visual features and clearly connect them to the prediction, making them equally informative and useful."
1,annual crop land,annual crop land,7,9,3,5,4,4,Combined,"Explanation B provides more detailed and concrete visual features with precise spatial references, making it more specific and slightly more helpful."
2,annual crop land,annual crop land,9,8,5,4,4,4,base,"Explanation A provides a broader range of specific visual features and clearer connections to the predicted class, making it slightly more informative overall."
3,annual crop land,annual crop land,8,9,4,5,4,4,Combined,"Explanation B provides more detailed and concrete visual features with clear spatial references, making it slightly more specific and helpful."
4,annual crop land,annual crop land,8,10,4,5,4,5,Combined,"Explanation B provides more detailed and concrete visual features along with a clearer connection to the predicted class, making it more specific and useful."
5,annual crop land,annual crop land,7,9,3,5,4,4,Combined,"Explanation B provides more detailed and concrete visual features with clear spatial references, making it more specific and slightly more helpful for understanding the model's reasoning."
6,annual crop land,annual crop land,7,8,3,4,4,4,Combined,"Explanation B provides more specific visual details and a clearer link between features and the predicted class, making it slightly more informative overall."
7,annual crop land,annual crop land,7,9,3,5,4,4,Combined,"Explanation B provides more detailed and concrete visual features, making it more specific and slightly more helpful in understanding the model's reasoning."
8,annual crop land,annual crop land,8,9,4,5,4,4,Combined,"Explanation B provides a more detailed and varied description of specific visual features, making it slightly more informative and specific than A."
9,annual crop land,annual crop land,9,9,5,5,4,4,Tie,"Both explanations provide multiple specific visual features and clearly connect them to the prediction, making them equally informative and useful."
10,annual crop land,annual crop land,8,9,4,5,4,4,Combined,"Explanation B provides more precise spatial details and multiple specific visual features, making it slightly more informative and specific than A."
11,annual crop land,annual crop land,9,9,4,5,5,4,Tie,"Both explanations provide strong, specific visual features and clear connections to the prediction, with B slightly more specific but A more useful for non-technical users."
12,annual crop land,annual crop land,9,9,5,5,4,4,Tie,"Both explanations provide multiple specific visual features and clear connections to the predicted class, making them equally informative and useful."
13,annual crop land,annual crop land,8,9,4,5,4,4,Combined,"Explanation B provides more precise spatial details and multiple specific visual features, making it slightly more informative and specific than A."
14,annual crop land,annual crop land,9,9,5,5,4,4,Tie,"Both explanations provide multiple specific visual features and clearly connect them to the prediction, making them equally informative and useful."
15,annual crop land,annual crop land,8,10,4,5,4,5,Combined,"Explanation B provides more specific visual details and clearer connections between features and the predicted class, making it more informative and helpful."
16,annual crop land,annual crop land,9,9,5,5,4,4,Tie,"Both explanations provide multiple specific visual features and clearly connect them to the prediction, making them equally informative and useful."
17,annual crop land,annual crop land,7,9,3,5,4,4,Combined,"Explanation B provides more detailed and concrete visual features with clear spatial references, making it more specific and slightly more useful for understanding the model's reasoning."
18,annual crop land,annual crop land,9,9,5,5,4,4,Tie,"Both explanations provide multiple specific visual features and clearly connect them to the prediction, making them equally informative and useful."
19,annual crop land,annual crop land,9,8,5,4,4,4,base,"Explanation A provides more specific visual details such as variation in color tones and pattern uniformity, making it slightly clearer and more informative than B."
20,forest,forest,4,10,2,5,2,5,Combined,"Explanation B provides multiple concrete visual features and clearly connects them to the forest prediction, making it more specific and useful than Explanation A."
21,forest,forest,7,9,4,5,3,4,Combined,"Explanation B provides more detailed and concrete visual features with clearer spatial references, making it more specific and useful for understanding the model's reasoning."
22,forest,forest,6,9,3,5,3,4,Combined,"Explanation B provides more detailed and concrete visual features with clearer spatial references, making it more specific and helpful for understanding the model's reasoning."
23,forest,forest,7,9,3,5,4,4,Combined,"Explanation B provides more detailed and concrete visual features with clear spatial references, making it more specific and slightly more helpful for understanding the model's reasoning."
24,forest,forest,4,8,2,5,2,3,Combined,"Explanation B provides multiple concrete visual features and clearer connections to the forest prediction, making it more specific and useful than A."
25,forest,forest,7,9,3,5,4,4,Combined,"Explanation B provides more detailed and concrete visual features with specific spatial references, making it more specific and slightly more helpful for understanding the model's reasoning."
26,forest,forest,7,9,3,5,4,4,Combined,"Explanation B provides more detailed and concrete visual features, making it more specific and thus more helpful in understanding the model's reasoning."
27,forest,forest,6,9,3,5,3,4,Combined,"Explanation B provides more detailed and concrete visual features with clearer spatial references, making it more specific and helpful for understanding the model's reasoning."
28,forest,forest,6,9,3,5,3,4,Combined,"Explanation B provides more detailed and concrete visual features along with clearer spatial descriptions, making it more specific and useful for understanding the model's prediction."
29,forest,forest,6,9,3,5,3,4,Combined,"Explanation B provides more detailed and concrete visual features and a clearer connection to the predicted class, making it more specific and useful."
30,forest,forest,6,9,3,5,3,4,Combined,"Explanation B provides more detailed and concrete visual features along with a clearer connection to the predicted class, making it more specific and useful."
31,forest,forest,6,9,3,5,3,4,Combined,"Explanation B provides more concrete visual details and clearer connections between features and the predicted class, making it more specific and useful."
32,forest,forest,8,9,4,5,4,4,Combined,"Explanation B provides more specific visual details and clearer descriptions of features, making it slightly more informative and helpful."
33,forest,forest,6,9,3,5,3,4,Combined,"Explanation B provides more detailed and concrete visual features and a clearer connection to the prediction, making it more specific and useful."
34,forest,forest,2,10,1,5,1,5,Combined,"Explanation B provides multiple concrete visual features and clearly connects them to the forest prediction, making it more specific and useful than Explanation A."
35,forest,forest,7,9,3,5,4,4,Combined,"Explanation B provides more detailed and concrete visual features with clear spatial references, making it more specific and slightly more helpful for understanding the model's reasoning."
36,forest,forest,4,8,2,5,2,3,Combined,"Explanation B provides multiple specific visual features and clearer spatial details, making it more informative and helpful for understanding the model's prediction."
37,forest,forest,4,9,1,5,3,4,Combined,"Explanation B provides multiple concrete visual features and a clearer connection to the forest prediction, making it more specific and useful than A."
38,forest,forest,8,9,4,5,4,4,Combined,"Explanation B provides more detailed and varied specific visual features, making it slightly clearer and more informative."
39,forest,forest,6,9,3,5,3,4,Combined,"Explanation B provides more detailed and concrete visual features with clearer spatial references, making it more specific and helpful for understanding the model's reasoning."
40,highway or road,highway or road,9,8,5,4,4,4,base,"Explanation A provides more detailed and concrete visual features, making it slightly more specific and helpful in understanding the model's reasoning."
41,highway or road,highway or road,9,7,5,3,4,4,base,"Explanation A provides more concrete and detailed visual features, making it more specific and slightly more helpful in understanding the model's reasoning."
42,highway or road,highway or road,8,9,4,5,4,4,Combined,"Explanation B provides more detailed and concrete visual features, making it slightly more specific and helpful in understanding the model's reasoning."
43,highway or road,highway or road,8,9,4,5,4,4,Combined,"Explanation B provides more detailed and specific visual features across multiple image regions, making it slightly clearer and more informative."
44,highway or road,highway or road,7,9,3,5,4,4,Combined,"Explanation B provides more precise and multiple specific visual features with clear spatial references, making it more detailed and informative."
45,highway or road,highway or road,8,9,4,5,4,4,Combined,"Explanation B provides more detailed and varied specific visual features and a clearer spatial description, making it slightly more informative and useful."
46,highway or road,highway or road,8,9,4,5,4,4,Combined,"Explanation B provides more precise spatial details and multiple specific visual features, making it slightly clearer and more informative."
47,highway or road,highway or road,7,9,4,5,3,4,Combined,"Explanation B provides more detailed and concrete visual features with clearer spatial references, making it more helpful for understanding the model's reasoning."
48,highway or road,highway or road,9,9,5,5,4,4,Tie,"Both explanations provide multiple specific visual features and clearly connect them to the predicted class, making them equally informative and useful."
49,highway or road,highway or road,7,9,3,5,4,4,Combined,"Explanation B provides more concrete and multiple specific visual features, making it clearer and more detailed, while both are similarly useful."
50,highway or road,highway or road,7,9,3,5,4,4,Combined,"Explanation B provides more specific visual details and clearer spatial references, making it more informative and easier to understand."
51,highway or road,highway or road,6,10,3,5,3,5,Combined,"Explanation B provides multiple concrete visual features with clear spatial references and a strong connection to the predicted class, making it more specific and useful."
52,highway or road,highway or road,7,9,3,5,4,4,Combined,"Explanation B provides more detailed and concrete visual features with precise spatial references, making it more specific and equally useful compared to A."
53,highway or road,highway or road,9,8,5,4,4,4,base,"Explanation A provides more concrete and varied visual details, making it slightly more specific and helpful in understanding the model's reasoning."
54,highway or road,highway or road,8,9,4,5,4,4,Combined,"Explanation B provides more detailed and concrete visual features, making it slightly more specific and helpful in understanding the model's reasoning."
55,highway or road,highway or road,8,9,4,5,4,4,Combined,"Explanation B provides more detailed and concrete visual features, including specific regions and patterns like markings and lanes, making it slightly more informative and specific than A."
56,highway or road,highway or road,8,10,4,5,4,5,Combined,"Explanation B provides more detailed and multiple specific visual features along with a clearer connection to the predicted class, making it more informative and helpful."
57,highway or road,highway or road,7,9,4,5,3,4,Combined,"Explanation B provides more detailed and multiple specific visual features along with clearer spatial references, making it more informative and helpful for understanding the model's reasoning."
58,highway or road,highway or road,8,9,4,5,4,4,Combined,"Explanation B provides more specific visual details and a clearer connection between features and the predicted class, making it slightly more informative."
59,highway or road,highway or road,6,9,3,5,3,4,Combined,"Explanation B provides more detailed and concrete visual features along with clearer spatial references, making it more specific and useful for understanding the model's reasoning."
60,industrial buildings or commercial buildings,industrial buildings or commercial buildings,7,9,4,5,3,4,Combined,"Explanation B provides more detailed and concrete visual features along with a clearer connection to the predicted class, making it more specific and useful."
61,industrial buildings or commercial buildings,industrial buildings or commercial buildings,9,9,5,5,4,4,Tie,"Both explanations provide multiple specific visual features and clearly connect them to the predicted class, making them equally informative and useful."
62,industrial buildings or commercial buildings,industrial buildings or commercial buildings,7,9,4,5,3,4,Combined,"Explanation B provides more detailed and concrete visual features and a clearer connection to the predicted class, making it more specific and useful."
63,industrial buildings or commercial buildings,industrial buildings or commercial buildings,8,9,4,5,4,4,Combined,"Explanation B provides a slightly more detailed and concrete description of visual features, making it more specific while both are similarly useful."
64,industrial buildings or commercial buildings,industrial buildings or commercial buildings,8,9,4,5,4,4,Combined,"Explanation B provides more detailed and concrete visual features along with clearer spatial layout descriptions, making it slightly more specific and equally useful."
65,industrial buildings or commercial buildings,industrial buildings or commercial buildings,7,9,3,5,4,4,Combined,"Explanation B provides more detailed and multiple specific visual features, making it clearer and more informative than A."
66,industrial buildings or commercial buildings,industrial buildings or commercial buildings,7,9,4,5,3,4,Combined,"Explanation B provides more detailed and concrete visual features along with clearer connections to the predicted class, making it more specific and useful."
67,industrial buildings or commercial buildings,industrial buildings or commercial buildings,7,9,3,5,4,4,Combined,"Explanation B provides more detailed and concrete visual features, including specific spatial locations and additional elements like paved areas, making it more specific and slightly more helpful."
68,industrial buildings or commercial buildings,industrial buildings or commercial buildings,6,9,3,5,3,4,Combined,"Explanation B provides more detailed and concrete visual features along with clearer spatial references, making it more specific and useful for understanding the model's prediction."
69,industrial buildings or commercial buildings,industrial buildings or commercial buildings,9,9,5,5,4,4,Tie,"Both explanations provide multiple specific visual features and clearly connect them to the predicted class, making them equally informative and useful."
70,industrial buildings or commercial buildings,industrial buildings or commercial buildings,7,9,3,5,4,4,Combined,"Explanation B provides more concrete visual details and precise spatial references, making it more specific and equally useful compared to A."
71,industrial buildings or commercial buildings,industrial buildings or commercial buildings,7,9,3,5,4,4,Combined,"Explanation B provides more specific visual features and clearer descriptions, making it more detailed and helpful."
72,industrial buildings or commercial buildings,industrial buildings or commercial buildings,7,9,3,5,4,4,Combined,"Explanation B provides more detailed and concrete visual features along with clearer spatial layout descriptions, making it more specific and slightly more helpful."
73,industrial buildings or commercial buildings,industrial buildings or commercial buildings,9,9,5,5,4,4,Tie,"Both explanations provide multiple specific visual features and clearly connect them to the predicted class, making them equally informative and useful."
74,industrial buildings or commercial buildings,industrial buildings or commercial buildings,8,9,4,5,4,4,Combined,"Explanation B provides a more detailed and concrete description of visual features and spatial arrangements, making it slightly more specific and helpful."
75,industrial buildings or commercial buildings,industrial buildings or commercial buildings,9,10,4,5,5,5,Combined,"Explanation B provides slightly more detailed and varied specific visual features along with clear spatial references, making it the most informative and useful."
76,industrial buildings or commercial buildings,industrial buildings or commercial buildings,8,10,4,5,4,5,Combined,"Explanation B provides more detailed and concrete visual features with clear spatial references, making it more specific and useful for understanding the model's reasoning."
77,industrial buildings or commercial buildings,industrial buildings or commercial buildings,7,9,3,5,4,4,Combined,"Explanation B provides more detailed and concrete visual features with clear spatial references, making it more specific and slightly more useful for understanding the model's reasoning."
78,industrial buildings or commercial buildings,industrial buildings or commercial buildings,7,9,3,5,4,4,Combined,"Explanation B provides more detailed and concrete visual features with specific spatial references, making it more specific and slightly more helpful."
79,industrial buildings or commercial buildings,industrial buildings or commercial buildings,7,9,3,5,4,4,Combined,"Explanation B provides more detailed and concrete visual features, making it more specific and slightly more helpful in understanding the model's reasoning."
80,residential buildings or homes or apartments,residential buildings or homes or apartments,7,9,4,5,3,4,Combined,"Explanation B provides more precise spatial details and clearer connections between visual features and the residential classification, making it more specific and useful."
81,residential buildings or homes or apartments,residential buildings or homes or apartments,9,9,5,5,4,4,Tie,"Both explanations provide multiple specific visual features and clearly connect them to the prediction, making them equally informative and useful."
82,residential buildings or homes or apartments,residential buildings or homes or apartments,9,9,5,5,4,4,Tie,"Both explanations provide multiple specific visual features and clearly connect them to the prediction, making them equally informative and useful."
83,residential buildings or homes or apartments,residential buildings or homes or apartments,9,9,5,5,4,4,Tie,"Both explanations provide multiple specific visual features and clearly connect them to the predicted class, making them equally informative and useful."
84,residential buildings or homes or apartments,residential buildings or homes or apartments,7,9,3,5,4,4,Combined,"Explanation B provides more detailed and concrete visual features with clear spatial references, making it more specific and slightly more useful for understanding the model's reasoning."
85,residential buildings or homes or apartments,residential buildings or homes or apartments,7,9,3,5,4,4,Combined,"Explanation B provides more detailed and concrete visual features with precise spatial references, making it more specific and slightly more helpful for understanding the model's reasoning."
86,residential buildings or homes or apartments,residential buildings or homes or apartments,9,9,5,5,4,4,Tie,"Both explanations provide multiple specific visual features and clearly connect them to the predicted class, making them equally informative and useful."
87,residential buildings or homes or apartments,residential buildings or homes or apartments,7,9,3,5,4,4,Combined,"Explanation B provides more detailed and concrete visual features with specific spatial references, making it clearer and more informative."
88,residential buildings or homes or apartments,residential buildings or homes or apartments,8,9,4,5,4,4,Combined,"Explanation B provides more specific visual details and a clearer connection between features and the predicted class, making it slightly more informative."
89,residential buildings or homes or apartments,residential buildings or homes or apartments,8,9,4,5,4,4,Combined,"Explanation B provides more specific visual details including texture and color variations, making it slightly clearer and more informative than A."
90,residential buildings or homes or apartments,residential buildings or homes or apartments,8,10,4,5,4,5,Combined,"Explanation B provides more precise spatial details and clearer connections between visual features and the predicted class, making it more specific and useful."
91,residential buildings or homes or apartments,residential buildings or homes or apartments,9,9,5,5,4,4,Tie,"Both explanations provide multiple specific visual features and clearly connect them to the residential classification, making them equally informative and useful."
92,residential buildings or homes or apartments,residential buildings or homes or apartments,7,9,3,5,4,4,Combined,"Explanation B provides more detailed and specific visual features along with spatial locations, making it clearer and more informative than A."
93,residential buildings or homes or apartments,residential buildings or homes or apartments,8,9,4,5,4,4,Combined,"Explanation B provides more detailed and concrete visual features with clear spatial references, making it slightly more specific and helpful."
94,residential buildings or homes or apartments,residential buildings or homes or apartments,9,9,5,5,4,4,Tie,"Both explanations provide multiple specific visual features and clear connections to the predicted class, making them equally informative and useful."
95,residential buildings or homes or apartments,residential buildings or homes or apartments,7,9,3,5,4,4,Combined,"Explanation B provides more detailed and concrete visual features with clear spatial references, making it more specific and slightly more helpful for understanding the model's reasoning."
96,residential buildings or homes or apartments,residential buildings or homes or apartments,8,9,4,5,4,4,Combined,"Explanation B provides more precise spatial details and explicitly identifies multiple regions, enhancing specificity and clarity for understanding the model's reasoning."
97,residential buildings or homes or apartments,residential buildings or homes or apartments,7,9,3,5,4,4,Combined,"Explanation B provides more detailed and concrete visual features, making it more specific and thus more helpful in understanding the model's reasoning."
98,residential buildings or homes or apartments,residential buildings or homes or apartments,8,9,4,5,4,4,Combined,"Explanation B provides more precise spatial details and multiple concrete visual features, making it slightly more specific and helpful in understanding the model's reasoning."
99,residential buildings or homes or apartments,residential buildings or homes or apartments,9,8,5,4,4,4,base,"Explanation A provides more varied and concrete visual features including shapes, spatial layout, and colors, making it slightly more specific and helpful."
100,river,river,8,9,4,5,4,4,Combined,"Explanation B provides more detailed and multiple specific visual features, making it slightly clearer and more informative than A."
101,river,river,8,9,4,5,4,4,Combined,"Explanation B provides more detailed and varied specific visual features, making it slightly clearer and more helpful in understanding the model's reasoning."
102,river,river,9,9,5,5,4,4,Tie,"Both explanations provide multiple specific visual features and clear connections to the prediction, making them equally informative and useful."
103,river,river,8,9,4,5,4,4,Combined,"Explanation B provides more specific visual details such as the orientation and edges of the river, making it slightly clearer and more informative."
104,river,river,8,9,4,5,4,4,Combined,"Explanation B provides more specific visual details and a clearer connection between features and the predicted class, making it slightly more informative."
105,river,river,7,9,3,5,4,4,Combined,"Explanation B provides more concrete and detailed visual features, making it clearer and more specific while maintaining similar usefulness to Explanation A."
106,river,river,8,9,4,5,4,4,Combined,"Explanation B provides more precise spatial details and multiple specific visual features, making it slightly clearer and more informative."
107,river,river,7,9,4,5,3,4,Combined,"Explanation B provides more specific visual details and a clearer connection between features and the predicted class, making it more helpful overall."
108,river,river,8,9,4,5,4,4,Combined,"Explanation B provides more detailed and concrete visual features and clearer spatial references, making it slightly more specific and helpful."
109,river,river,9,9,5,5,4,4,Tie,"Both explanations provide multiple specific visual features and clear connections to the predicted class, making them equally informative and useful."
110,river,river,7,8,4,5,3,3,Combined,"Explanation B provides more specific visual details and clearer spatial references, making it slightly more informative and useful."
111,river,river,9,9,5,5,4,4,Tie,"Both explanations provide multiple specific visual features and clearly connect them to the prediction, making them equally informative and useful."
112,river,river,8,9,4,5,4,4,Combined,"Explanation B provides more specific visual details and spatial references, making it slightly clearer and more informative for understanding the model's reasoning."
113,river,river,9,8,5,4,4,4,base,"Explanation A provides more multiple specific visual features with clear descriptions, making it slightly more informative and specific than B."
114,river,river,8,9,4,5,4,4,Combined,"Explanation B provides more specific visual details and a clearer description of spatial layout, making it slightly more informative and useful."
115,river,river,8,9,4,5,4,4,Combined,"Explanation B provides more detailed and concrete visual features with clearer descriptions, making it slightly more specific and helpful."
116,river,river,9,9,5,5,4,4,Tie,"Both explanations provide multiple specific visual features and clear connections to the predicted class, making them equally informative and useful."
117,river,river,7,9,3,5,4,4,Combined,"Explanation B provides more detailed and concrete visual features, making it more specific and thus more helpful in understanding the model's reasoning."
118,river,river,9,8,5,4,4,4,base,"Explanation A provides more multiple specific visual features and a clearer connection to the prediction, making it slightly more informative overall."
119,river,river,8,9,4,5,4,4,Combined,"Explanation B provides slightly more specific visual details and clearer connections to the predicted class, making it more informative overall."
